-- books fiction
INSERT INTO tb_library (uuid, image_url, title, short_description, long_description, publisher) VALUES ('13537170-421f-4f89-952f-0f841130259a','http://imagemdolivroaqui.dominio','1984','Short description','Long description','publisher book 1');
INSERT INTO tb_library (uuid, image_url, title, short_description, long_description, publisher) VALUES ('d25fed4b-bca4-400b-a22d-38df350717bc','http://imagemdolivroaqui.dominio','Admiravel Mundo Novo','Short description','Long description','publisher book 2');
INSERT INTO tb_library (uuid, image_url, title, short_description, long_description, publisher) VALUES ('f4acbfd4-ba45-402a-ac26-d29b0bb6cea8','http://imagemdolivroaqui.dominio','Fundacao','Short description','Long description','publisher book 3');
INSERT INTO tb_library (uuid, image_url, title, short_description, long_description, publisher) VALUES ('d503d4f7-94c0-4c7d-942a-62f05bff2b0e','http://imagemdolivroaqui.dominio','Neuromancer','Short description','Long description','publisher book 4');
INSERT INTO tb_library (uuid, image_url, title, short_description, long_description, publisher) VALUES ('1a6c71f7-bec9-4754-a4b2-1f9c580662a8','http://imagemdolivroaqui.dominio','O senhor dos aneis','Short description','Long description','publisher book 5');
INSERT INTO tb_library (uuid, image_url, title, short_description, long_description, publisher) VALUES ('c9caa80e-c2cd-4462-bfc0-67a8b848b979','http://imagemdolivroaqui.dominio','Duna','Short description','Long description','publisher book 6');
INSERT INTO tb_library (uuid, image_url, title, short_description, long_description, publisher) VALUES ('97dc206c-8a4e-45f7-9dcd-7d76ddf38bff','http://imagemdolivroaqui.dominio','Cem Anos de Solidao','Short description','Long description','publisher book 7');
INSERT INTO tb_library (uuid, image_url, title, short_description, long_description, publisher) VALUES ('9de64783-2017-484e-99ea-93a071eb1da9','http://imagemdolivroaqui.dominio','Frankenstein','Short description','Long description','publisher book 8');
INSERT INTO tb_library (uuid, image_url, title, short_description, long_description, publisher) VALUES ('e3883026-4328-4947-b0bd-46487f465e77','http://imagemdolivroaqui.dominio','O conto de Aia','Short description','Long description','publisher book 9');
INSERT INTO tb_library (uuid, image_url, title, short_description, long_description, publisher) VALUES ('1cf3bba3-303c-4947-a4d0-2c6b98fc3013','http://imagemdolivroaqui.dominio','As Cronicas de Narnia','Short description','Long description','publisher book 10');

-- books philosophy
INSERT INTO tb_library (uuid, image_url, title, short_description, long_description, publisher) VALUES ('9e5653f8-4fd9-45b1-9aeb-36d5417c4394','http://imagemdolivroaqui.dominio','A Republica','Short description','Long description','publisher book 1');
INSERT INTO tb_library (uuid, image_url, title, short_description, long_description, publisher) VALUES ('d49b3ea9-2d15-4d47-b301-2494e5b24561','http://imagemdolivroaqui.dominio','Etica a Nicomaco','Short description','Long description','publisher book 2');
INSERT INTO tb_library (uuid, image_url, title, short_description, long_description, publisher) VALUES ('2978eed1-cb6d-4b20-adef-2d04a6232596','http://imagemdolivroaqui.dominio','Meditacoes','Short description','Long description','publisher book 3');
INSERT INTO tb_library (uuid, image_url, title, short_description, long_description, publisher) VALUES ('8c186205-ee95-45cc-a09e-3e2e2c663d06','http://imagemdolivroaqui.dominio','Discurso do Metodo','Short description','Long description','publisher book 4');
INSERT INTO tb_library (uuid, image_url, title, short_description, long_description, publisher) VALUES ('1adc2598-5380-413e-af0b-1968445c345a','http://imagemdolivroaqui.dominio','Critica da Razao Pura','Short description','Long description','publisher book 5');
INSERT INTO tb_library (uuid, image_url, title, short_description, long_description, publisher) VALUES ('21622aa7-ac91-4f64-9a0c-472d980496c1','http://imagemdolivroaqui.dominio','Assim Falou Zaratustra','Short description','Long description','publisher book 6');
INSERT INTO tb_library (uuid, image_url, title, short_description, long_description, publisher) VALUES ('38e0e556-737b-4e8d-8989-afd1734ac7cd','http://imagemdolivroaqui.dominio','O ser e o Nada','Short description','Long description','publisher book 7');
INSERT INTO tb_library (uuid, image_url, title, short_description, long_description, publisher) VALUES ('6762b222-8c4f-48a4-936f-f06e9a023514','http://imagemdolivroaqui.dominio','Ensaio sobre o Entendimento Humano','Short description','Long description','publisher book 8');
INSERT INTO tb_library (uuid, image_url, title, short_description, long_description, publisher) VALUES ('d0b42615-017c-4a71-bde2-f1d2b60deee9','http://imagemdolivroaqui.dominio','Leviata','Short description','Long description','publisher book 9');
INSERT INTO tb_library (uuid, image_url, title, short_description, long_description, publisher) VALUES ('4dba0785-496e-42c1-9228-96eca310d9cd','http://imagemdolivroaqui.dominio','Segundo Tratado sobre o Governo','Short description','Long description','publisher book 10');

-- books romance
INSERT INTO tb_library (uuid, image_url, title, short_description, long_description, publisher) VALUES ('45e57265-f432-4fa9-b9a7-fd3063d6d520','http://imagemdolivroaqui.dominio','Dom Quixote','Short description','Long description','publisher book 1');
INSERT INTO tb_library (uuid, image_url, title, short_description, long_description, publisher) VALUES ('8f8855e2-72e0-4ddc-8516-a72128f41448','http://imagemdolivroaqui.dominio','Orgulho e Preconceito','Short description','Long description','publisher book 2');
INSERT INTO tb_library (uuid, image_url, title, short_description, long_description, publisher) VALUES ('02fe6758-2150-4a47-8af5-88914f0ecc9d','http://imagemdolivroaqui.dominio','Os irmaos Karamazov','Short description','Long description','publisher book 3');
INSERT INTO tb_library (uuid, image_url, title, short_description, long_description, publisher) VALUES ('6d402b74-09ae-4094-94e5-70fd66e582fc','http://imagemdolivroaqui.dominio','Anna Karienina','Short description','Long description','publisher book 4');
INSERT INTO tb_library (uuid, image_url, title, short_description, long_description, publisher) VALUES ('6546dc50-27da-4fd9-bafc-50f9daccb47c','http://imagemdolivroaqui.dominio','Madame Bovary','Short description','Long description','publisher book 5');
INSERT INTO tb_library (uuid, image_url, title, short_description, long_description, publisher) VALUES ('2ff2951b-76a8-4582-8fe8-0a504fa71d6d','http://imagemdolivroaqui.dominio','O vermelho e o Negro','Short description','Long description','publisher book 6');
INSERT INTO tb_library (uuid, image_url, title, short_description, long_description, publisher) VALUES ('e5e62d61-d8cf-415d-931c-421e0d6e24a3','http://imagemdolivroaqui.dominio','Crime e Castigo','Short description','Long description','publisher book 7');
INSERT INTO tb_library (uuid, image_url, title, short_description, long_description, publisher) VALUES ('95b76025-03c6-431a-8ca3-7c0fe279e524','http://imagemdolivroaqui.dominio','O Morro dos Ventos Uivantes','Short description','Long description','publisher book 8');
INSERT INTO tb_library (uuid, image_url, title, short_description, long_description, publisher) VALUES ('19fc3544-aaf2-4fb1-a01c-b96c310cae59','http://imagemdolivroaqui.dominio','A Montanha Magica','Short description','Long description','publisher book 9');
INSERT INTO tb_library (uuid, image_url, title, short_description, long_description, publisher) VALUES ('d69f373f-f790-4dcf-bba6-5d3b4d2150fc','http://imagemdolivroaqui.dominio','Grande Sertao: Veredas','Short description','Long description','publisher book 10');

-- books self-help
INSERT INTO tb_library (uuid, image_url, title, short_description, long_description, publisher) VALUES ('c04823db-1b7f-451e-b1db-4d4715f709ae','http://imagemdolivroaqui.dominio','Como Fazer Amigo e Influenciar Pessoas','Short description','Long description','publisher book 1');
INSERT INTO tb_library (uuid, image_url, title, short_description, long_description, publisher) VALUES ('2061a961-59ea-4384-b7a6-1a30fa276ec3','http://imagemdolivroaqui.dominio','O Poder do Habito','Short description','Long description','publisher book 2');
INSERT INTO tb_library (uuid, image_url, title, short_description, long_description, publisher) VALUES ('1864ab9e-d270-4070-90c8-9c0097cdc300','http://imagemdolivroaqui.dominio','Os 7 Habitos das Pessoas Altamente Eficazes','Short description','Long description','publisher book 3');
INSERT INTO tb_library (uuid, image_url, title, short_description, long_description, publisher) VALUES ('baad4c99-6e72-4a38-96ca-4f75b68ad52c','http://imagemdolivroaqui.dominio','A Arte da Felicidade','Short description','Long description','publisher book 4');
INSERT INTO tb_library (uuid, image_url, title, short_description, long_description, publisher) VALUES ('31b5b22a-9e72-4d2d-a317-63e6f1ab5a28','http://imagemdolivroaqui.dominio','Mindset: A Nova Psicologia do Sucesso','Short description','Long description','publisher book 5');
INSERT INTO tb_library (uuid, image_url, title, short_description, long_description, publisher) VALUES ('9f919378-6370-4bcc-97c7-c3a79bf1e161','http://imagemdolivroaqui.dominio','O Milagre da Manha','Short description','Long description','publisher book 6');
INSERT INTO tb_library (uuid, image_url, title, short_description, long_description, publisher) VALUES ('5756848b-8901-4bcd-93f0-75296a958c9c','http://imagemdolivroaqui.dominio','A Coragem de Ser Imperfeito','Short description','Long description','publisher book 7');
INSERT INTO tb_library (uuid, image_url, title, short_description, long_description, publisher) VALUES ('7504a5f9-7178-40f2-9c19-8d2c80e4b7ab','http://imagemdolivroaqui.dominio','Desperte Seu Gigante Interior','Short description','Long description','publisher book 8');
INSERT INTO tb_library (uuid, image_url, title, short_description, long_description, publisher) VALUES ('8453d8cf-1cea-41a5-8d30-b4828cba2e1a','http://imagemdolivroaqui.dominio','O poder do Agora','Short description','Long description','publisher book 9');
INSERT INTO tb_library (uuid, image_url, title, short_description, long_description, publisher) VALUES ('ecac296b-950d-45e9-b89c-7f4a90842f9d','http://imagemdolivroaqui.dominio','Pense e Enriqueca','Short description','Long description','publisher book 10');

-- books technology
INSERT INTO tb_library (uuid, image_url, title, short_description, long_description, publisher) VALUES ('e5b2eed0-9611-4699-b02c-6ac34727c06c','http://imagemdolivroaqui.dominio','Estruturas: Fundamentos e Projeto','Short description','Long description','publisher book 1');
INSERT INTO tb_library (uuid, image_url, title, short_description, long_description, publisher) VALUES ('6ddfa3b7-2116-4f5f-a390-340a6b72f530','http://imagemdolivroaqui.dominio','Clean Code: A Handbook of Agile Software Craftsmanship','Short description','Long description','publisher book 2');
INSERT INTO tb_library (uuid, image_url, title, short_description, long_description, publisher) VALUES ('761c1639-c186-4b11-b6d4-6cb98430df1d','http://imagemdolivroaqui.dominio','Design Patterns: Elements of Reusable Object-Oriented Software','Short description','Long description','publisher book 3');
INSERT INTO tb_library (uuid, image_url, title, short_description, long_description, publisher) VALUES ('475f4fad-9b2f-4528-8ecb-5ceb398c29ec','http://imagemdolivroaqui.dominio','Introducao as Algoritimos','Short description','Long description','publisher book 4');
INSERT INTO tb_library (uuid, image_url, title, short_description, long_description, publisher) VALUES ('595f0331-e27c-477a-82c0-20162737154a','http://imagemdolivroaqui.dominio','Fundamentos da Termodinamica','Short description','Long description','publisher book 5');
INSERT INTO tb_library (uuid, image_url, title, short_description, long_description, publisher) VALUES ('2e59675f-2d41-48a5-8304-85c182299fb7','http://imagemdolivroaqui.dominio','Java 8','Short description','Long description','publisher book 6');
INSERT INTO tb_library (uuid, image_url, title, short_description, long_description, publisher) VALUES ('f970f040-3119-4053-993a-ec91ecd8ac5e','http://imagemdolivroaqui.dominio','Domain Driven Design','Short description','Long description','publisher book 7');
INSERT INTO tb_library (uuid, image_url, title, short_description, long_description, publisher) VALUES ('76627690-ab9e-46bb-8478-d768aecdf67c','http://imagemdolivroaqui.dominio','Applied Statistics and Probability Handbook','Short description','Long description','publisher book 8');
INSERT INTO tb_library (uuid, image_url, title, short_description, long_description, publisher) VALUES ('183a3cb8-c8d1-4626-9424-1d54a7bf3522','http://imagemdolivroaqui.dominio','Java Essencial','Short description','Long description','publisher book 9');
INSERT INTO tb_library (uuid, image_url, title, short_description, long_description, publisher) VALUES ('fd975558-6cc2-45f0-a821-c93e0e51d712','http://imagemdolivroaqui.dominio','Digital Design and Computer Architeture','Short description','Long description','publisher book 10');

-- books comics
INSERT INTO tb_library (uuid, image_url, title, short_description, long_description, publisher) VALUES ('6a29c7b6-e6b3-4bcd-b050-c5eb6b18697c','http://imagemdolivroaqui.dominio','Watchmen','Short description','Long description','publisher book 1');
INSERT INTO tb_library (uuid, image_url, title, short_description, long_description, publisher) VALUES ('75ba51dd-e588-4b7d-8b24-d8a450a5f8de','http://imagemdolivroaqui.dominio','V de vinganca','Short description','Long description','publisher book 2');
INSERT INTO tb_library (uuid, image_url, title, short_description, long_description, publisher) VALUES ('88bfc2ee-b79b-404c-9b0b-71036002495d','http://imagemdolivroaqui.dominio','Sandman','Short description','Long description','publisher book 3');
INSERT INTO tb_library (uuid, image_url, title, short_description, long_description, publisher) VALUES ('0d96cb8c-aad0-4f3e-a338-24a56f58f179','http://imagemdolivroaqui.dominio','Batman: A Piada Mortal','Short description','Long description','publisher book 4');
INSERT INTO tb_library (uuid, image_url, title, short_description, long_description, publisher) VALUES ('38fd54f5-228b-494f-89b4-ba7cf3789a7f','http://imagemdolivroaqui.dominio','Maus','Short description','Long description','publisher book 5');
INSERT INTO tb_library (uuid, image_url, title, short_description, long_description, publisher) VALUES ('dd122f51-d8a2-4af6-aa35-2e2b0128aeda','http://imagemdolivroaqui.dominio','Persepolis','Short description','Long description','publisher book 6');
INSERT INTO tb_library (uuid, image_url, title, short_description, long_description, publisher) VALUES ('4d177b8d-a3d3-4610-b677-627b88cc1df7','http://imagemdolivroaqui.dominio','Cavaleiro das Trevas','Short description','Long description','publisher book 7');
INSERT INTO tb_library (uuid, image_url, title, short_description, long_description, publisher) VALUES ('af8a1e6e-4a09-424c-b7b7-dc14bd30faf3','http://imagemdolivroaqui.dominio','Akira','Short description','Long description','publisher book 8');
INSERT INTO tb_library (uuid, image_url, title, short_description, long_description, publisher) VALUES ('6d72d62f-cfd9-4158-a99a-ee1b5846ae1b','http://imagemdolivroaqui.dominio','Tintim','Short description','Long description','publisher book 9');
INSERT INTO tb_library (uuid, image_url, title, short_description, long_description, publisher) VALUES ('31a80ab8-d559-419a-a197-cc95f011c17f','http://imagemdolivroaqui.dominio','Asterix','Short description','Long description','publisher book 10');

-- books history
INSERT INTO tb_library (uuid, image_url, title, short_description, long_description, publisher) VALUES ('64f734fd-cf33-4482-987b-783f107b9298','http://imagemdolivroaqui.dominio','História da Riqueza do Homem','Short description','Long description','publisher book 1');
INSERT INTO tb_library (uuid, image_url, title, short_description, long_description, publisher) VALUES ('7d2e2c9c-cbb0-4272-8f0d-a19075af3b27','http://imagemdolivroaqui.dominio','Armas, Germes e Aco','Short description','Long description','publisher book 2');
INSERT INTO tb_library (uuid, image_url, title, short_description, long_description, publisher) VALUES ('1e6e77df-6264-490d-9150-cf4be1c60647','http://imagemdolivroaqui.dominio','A Era dos Extremos','Short description','Long description','publisher book 3');
INSERT INTO tb_library (uuid, image_url, title, short_description, long_description, publisher) VALUES ('b74ed583-a8e7-43f2-ae7b-ca53a70d9078','http://imagemdolivroaqui.dominio','Uma Breve Historia do Seculo XX','Short description','Long description','publisher book 4');
INSERT INTO tb_library (uuid, image_url, title, short_description, long_description, publisher) VALUES ('b07f234c-2428-4410-a432-df0d72e3a75c','http://imagemdolivroaqui.dominio','Historia do Brasil','Short description','Long description','publisher book 5');
INSERT INTO tb_library (uuid, image_url, title, short_description, long_description, publisher) VALUES ('ac7fb1fa-c7c5-46f0-a8f7-d3d549bab2cb','http://imagemdolivroaqui.dominio','O Povo Brasileiro','Short description','Long description','publisher book 6');
INSERT INTO tb_library (uuid, image_url, title, short_description, long_description, publisher) VALUES ('0f42909a-8bad-4ba2-a1ef-26b1635c61af','http://imagemdolivroaqui.dominio','A Historia da Sexualidade','Short description','Long description','publisher book 7');
INSERT INTO tb_library (uuid, image_url, title, short_description, long_description, publisher) VALUES ('d6500017-f504-4230-96d5-cac641d04635','http://imagemdolivroaqui.dominio','As Origens da Segunda Guerra Mundial','Short description','Long description','publisher book 8');
INSERT INTO tb_library (uuid, image_url, title, short_description, long_description, publisher) VALUES ('5ec7106b-0973-47a0-91f4-a0885825bb5a','http://imagemdolivroaqui.dominio','O mediterraneo e o Mundo Mediterranico na Epoca de Felipe II','Short description','Long description','publisher book 9');
INSERT INTO tb_library (uuid, image_url, title, short_description, long_description, publisher) VALUES ('17f784cf-45c0-47da-a44e-fc1453d58b06','http://imagemdolivroaqui.dominio','Sapiens: Uma Breve Historia da Humanidade','Short description','Long description','publisher book 10');

-- books horror
INSERT INTO tb_library (uuid, image_url, title, short_description, long_description, publisher) VALUES ('314f3dc6-1453-41b2-8074-9da6d4f21709','http://imagemdolivroaqui.dominio','Dracula','Short description','Long description','publisher book 1');
INSERT INTO tb_library (uuid, image_url, title, short_description, long_description, publisher) VALUES ('6f17a15e-e820-4d2c-a508-72d359a08f8a','http://imagemdolivroaqui.dominio','It: A Coisa','Short description','Long description','publisher book 2');
INSERT INTO tb_library (uuid, image_url, title, short_description, long_description, publisher) VALUES ('c0dc8ed9-3bb4-4355-94f5-e2c043e33da3','http://imagemdolivroaqui.dominio','O Medico e o Monstro','Short description','Long description','publisher book 3');
INSERT INTO tb_library (uuid, image_url, title, short_description, long_description, publisher) VALUES ('257be98b-476d-4cdc-93ab-c95893b27bca','http://imagemdolivroaqui.dominio','O Iluminado','Short description','Long description','publisher book 4');
INSERT INTO tb_library (uuid, image_url, title, short_description, long_description, publisher) VALUES ('00c53566-569a-4a4f-aeae-2353091088a9','http://imagemdolivroaqui.dominio','Hellraiser','Short description','Long description','publisher book 5');
INSERT INTO tb_library (uuid, image_url, title, short_description, long_description, publisher) VALUES ('abcdf113-7aed-4cf5-8189-be890a3a7460','http://imagemdolivroaqui.dominio','O Exorcista','Short description','Long description','publisher book 6');
INSERT INTO tb_library (uuid, image_url, title, short_description, long_description, publisher) VALUES ('0e3683a7-6113-4db7-bc9a-81d4c26293c3','http://imagemdolivroaqui.dominio','A Assombracao da Casa da Colina','Short description','Long description','publisher book 7');
INSERT INTO tb_library (uuid, image_url, title, short_description, long_description, publisher) VALUES ('e2625b0c-f2b3-42ad-8118-907bfea2ff59','http://imagemdolivroaqui.dominio','O chamado de Cthulhu e Outros Contos','Short description','Long description','publisher book 8');
INSERT INTO tb_library (uuid, image_url, title, short_description, long_description, publisher) VALUES ('075c0819-63b5-42c0-8a9b-c287d0e5eb07','http://imagemdolivroaqui.dominio','Coralina','Short description','Long description','publisher book 9');
INSERT INTO tb_library (uuid, image_url, title, short_description, long_description, publisher) VALUES ('98c9f4d5-8e22-4615-b180-02659cd068c3','http://imagemdolivroaqui.dominio','O Vilarejo','Short description','Long description','publisher book 10');

-- books politics
INSERT INTO tb_library (uuid, image_url, title, short_description, long_description, publisher) VALUES ('e2a039c8-3dc2-4273-a9bc-a4ced65a5d6e','http://imagemdolivroaqui.dominio','A Republica','Short description','Long description','publisher book 1');
INSERT INTO tb_library (uuid, image_url, title, short_description, long_description, publisher) VALUES ('43385513-ba4e-41c8-8fc4-4c7b1768a439','http://imagemdolivroaqui.dominio','Politica','Short description','Long description','publisher book 2');
INSERT INTO tb_library (uuid, image_url, title, short_description, long_description, publisher) VALUES ('20564eaa-baf4-402a-8187-36bb5748254a','http://imagemdolivroaqui.dominio','O Principe','Short description','Long description','publisher book 3');
INSERT INTO tb_library (uuid, image_url, title, short_description, long_description, publisher) VALUES ('3b80ca03-95f9-46db-bdf7-0779be6cfa91','http://imagemdolivroaqui.dominio','Do Contrato Social','Short description','Long description','publisher book 4');
INSERT INTO tb_library (uuid, image_url, title, short_description, long_description, publisher) VALUES ('5d86a231-2bd9-47d6-bf49-3653d832d67b','http://imagemdolivroaqui.dominio','O Federalista','Short description','Long description','publisher book 5');
INSERT INTO tb_library (uuid, image_url, title, short_description, long_description, publisher) VALUES ('a8d68253-3ad8-4fb0-a3bb-33ca9ebfcac2','http://imagemdolivroaqui.dominio','A Democracia na America','Short description','Long description','publisher book 6');
INSERT INTO tb_library (uuid, image_url, title, short_description, long_description, publisher) VALUES ('46d6a175-04d8-4773-820b-1109ba6cd1f2','http://imagemdolivroaqui.dominio','Manifesto Comunista','Short description','Long description','publisher book 7');
INSERT INTO tb_library (uuid, image_url, title, short_description, long_description, publisher) VALUES ('1258283b-c513-4fd9-9aa4-20d3967e98b3','http://imagemdolivroaqui.dominio','Sobre a Liberdade','Short description','Long description','publisher book 8');
INSERT INTO tb_library (uuid, image_url, title, short_description, long_description, publisher) VALUES ('35640d28-4e14-40b5-b6dd-cc36e6e0ebc5','http://imagemdolivroaqui.dominio','A Sociedade Aberta e Seus Inimigos','Short description','Long description','publisher book 9');
INSERT INTO tb_library (uuid, image_url, title, short_description, long_description, publisher) VALUES ('1c552f8a-9894-4d42-bbb6-c6fd8bbd1675','http://imagemdolivroaqui.dominio','Como as Democracias Morrem','Short description','Long description','publisher book 10');

-- books religion
INSERT INTO tb_library (uuid, image_url, title, short_description, long_description, publisher) VALUES ('b88c6825-46bc-43dc-b93c-1a6bb29120ed','http://imagemdolivroaqui.dominio','A Biblia Sagrada','Short description','Long description','publisher book 1');
INSERT INTO tb_library (uuid, image_url, title, short_description, long_description, publisher) VALUES ('e2e05735-3949-4920-825a-3aa9bdbb5102','http://imagemdolivroaqui.dominio','O Alcorao','Short description','Long description','publisher book 2');
INSERT INTO tb_library (uuid, image_url, title, short_description, long_description, publisher) VALUES ('ff345977-9457-44b4-b99a-976ef649deeb','http://imagemdolivroaqui.dominio','Bhagavad Gita','Short description','Long description','publisher book 3');
INSERT INTO tb_library (uuid, image_url, title, short_description, long_description, publisher) VALUES ('9b81909c-6610-45ab-b326-b27344ebbe8c','http://imagemdolivroaqui.dominio','Tao Te Ching','Short description','Long description','publisher book 4');
INSERT INTO tb_library (uuid, image_url, title, short_description, long_description, publisher) VALUES ('9b57c602-ca44-4c74-88bf-574a7ad8a15c','http://imagemdolivroaqui.dominio','O Dhammapada','Short description','Long description','publisher book 5');
INSERT INTO tb_library (uuid, image_url, title, short_description, long_description, publisher) VALUES ('3302827e-7821-4ce7-a089-8f6947e4ac6d','http://imagemdolivroaqui.dominio','Os Confissoes','Short description','Long description','publisher book 6');
INSERT INTO tb_library (uuid, image_url, title, short_description, long_description, publisher) VALUES ('2cfc0c96-7d2f-45dc-9a97-18583bf0911b','http://imagemdolivroaqui.dominio','A Cidade dos Espiritos','Short description','Long description','publisher book 7');
INSERT INTO tb_library (uuid, image_url, title, short_description, long_description, publisher) VALUES ('61f0f786-b0eb-43bf-90aa-62c180569154','http://imagemdolivroaqui.dominio','A Cidade de Deus','Short description','Long description','publisher book 8');
INSERT INTO tb_library (uuid, image_url, title, short_description, long_description, publisher) VALUES ('6cb84344-c98d-4c61-b312-cfa4dde2201b','http://imagemdolivroaqui.dominio','O Livro Tibetano dos Mortos','Short description','Long description','publisher book 9');
INSERT INTO tb_library (uuid, image_url, title, short_description, long_description, publisher) VALUES ('a8338191-69b6-4474-abe9-91cd869c0143','http://imagemdolivroaqui.dominio','O Judaismo como Civilizacao','Short description','Long description','publisher book 10');

-- lists
INSERT INTO tb_list_book (name) VALUES ('Ficcao');
INSERT INTO tb_list_book (name) VALUES ('Filosofia');
INSERT INTO tb_list_book (name) VALUES ('Romance');
INSERT INTO tb_list_book (name) VALUES ('Autoajuda');
INSERT INTO tb_list_book (name) VALUES ('Tecnologia');
INSERT INTO tb_list_book (name) VALUES ('Quadrinhos');
INSERT INTO tb_list_book (name) VALUES ('Historia');
INSERT INTO tb_list_book (name) VALUES ('Terror');
INSERT INTO tb_list_book (name) VALUES ('Politica ');
INSERT INTO tb_list_book (name) VALUES ('Religiao');

-- tb_belonging insert fiction
INSERT INTO tb_belonging (list_id, library_id, index) VALUES (1, '13537170-421f-4f89-952f-0f841130259a', 0);
INSERT INTO tb_belonging (list_id, library_id, index) VALUES (1, 'd25fed4b-bca4-400b-a22d-38df350717bc', 1);
INSERT INTO tb_belonging (list_id, library_id, index) VALUES (1, 'f4acbfd4-ba45-402a-ac26-d29b0bb6cea8', 2);
INSERT INTO tb_belonging (list_id, library_id, index) VALUES (1, 'd503d4f7-94c0-4c7d-942a-62f05bff2b0e', 3);
INSERT INTO tb_belonging (list_id, library_id, index) VALUES (1, '1a6c71f7-bec9-4754-a4b2-1f9c580662a8', 4);
INSERT INTO tb_belonging (list_id, library_id, index) VALUES (1, 'c9caa80e-c2cd-4462-bfc0-67a8b848b979', 5);
INSERT INTO tb_belonging (list_id, library_id, index) VALUES (1, '97dc206c-8a4e-45f7-9dcd-7d76ddf38bff', 6);
INSERT INTO tb_belonging (list_id, library_id, index) VALUES (1, '9de64783-2017-484e-99ea-93a071eb1da9', 7);
INSERT INTO tb_belonging (list_id, library_id, index) VALUES (1, 'e3883026-4328-4947-b0bd-46487f465e77', 8);
INSERT INTO tb_belonging (list_id, library_id, index) VALUES (1, '1cf3bba3-303c-4947-a4d0-2c6b98fc3013', 9);

-- tb_belonging insert philosophy
INSERT INTO tb_belonging (list_id, library_id, index) VALUES (2, '9e5653f8-4fd9-45b1-9aeb-36d5417c4394', 0);
INSERT INTO tb_belonging (list_id, library_id, index) VALUES (2, 'd49b3ea9-2d15-4d47-b301-2494e5b24561', 1);
INSERT INTO tb_belonging (list_id, library_id, index) VALUES (2, '2978eed1-cb6d-4b20-adef-2d04a6232596', 2);
INSERT INTO tb_belonging (list_id, library_id, index) VALUES (2, '8c186205-ee95-45cc-a09e-3e2e2c663d06', 3);
INSERT INTO tb_belonging (list_id, library_id, index) VALUES (2, '1adc2598-5380-413e-af0b-1968445c345a', 4);
INSERT INTO tb_belonging (list_id, library_id, index) VALUES (2, '21622aa7-ac91-4f64-9a0c-472d980496c1', 5);
INSERT INTO tb_belonging (list_id, library_id, index) VALUES (2, '38e0e556-737b-4e8d-8989-afd1734ac7cd', 6);
INSERT INTO tb_belonging (list_id, library_id, index) VALUES (2, '6762b222-8c4f-48a4-936f-f06e9a023514', 7);
INSERT INTO tb_belonging (list_id, library_id, index) VALUES (2, 'd0b42615-017c-4a71-bde2-f1d2b60deee9', 8);
INSERT INTO tb_belonging (list_id, library_id, index) VALUES (2, '4dba0785-496e-42c1-9228-96eca310d9cd', 9);

-- tb_belonging insert romance
INSERT INTO tb_belonging (list_id, library_id, index) VALUES (3, '45e57265-f432-4fa9-b9a7-fd3063d6d520', 0);
INSERT INTO tb_belonging (list_id, library_id, index) VALUES (3, '8f8855e2-72e0-4ddc-8516-a72128f41448', 1);
INSERT INTO tb_belonging (list_id, library_id, index) VALUES (3, '02fe6758-2150-4a47-8af5-88914f0ecc9d', 2);
INSERT INTO tb_belonging (list_id, library_id, index) VALUES (3, '6d402b74-09ae-4094-94e5-70fd66e582fc', 3);
INSERT INTO tb_belonging (list_id, library_id, index) VALUES (3, '6546dc50-27da-4fd9-bafc-50f9daccb47c', 4);
INSERT INTO tb_belonging (list_id, library_id, index) VALUES (3, '2ff2951b-76a8-4582-8fe8-0a504fa71d6d', 5);
INSERT INTO tb_belonging (list_id, library_id, index) VALUES (3, 'e5e62d61-d8cf-415d-931c-421e0d6e24a3', 6);
INSERT INTO tb_belonging (list_id, library_id, index) VALUES (3, '95b76025-03c6-431a-8ca3-7c0fe279e524', 7);
INSERT INTO tb_belonging (list_id, library_id, index) VALUES (3, '19fc3544-aaf2-4fb1-a01c-b96c310cae59', 8);
INSERT INTO tb_belonging (list_id, library_id, index) VALUES (3, 'd69f373f-f790-4dcf-bba6-5d3b4d2150fc', 9);

-- tb_belonging insert self-help
INSERT INTO tb_belonging (list_id, library_id, index) VALUES (4, 'c04823db-1b7f-451e-b1db-4d4715f709ae', 0);
INSERT INTO tb_belonging (list_id, library_id, index) VALUES (4, '2061a961-59ea-4384-b7a6-1a30fa276ec3', 1);
INSERT INTO tb_belonging (list_id, library_id, index) VALUES (4, '1864ab9e-d270-4070-90c8-9c0097cdc300', 2);
INSERT INTO tb_belonging (list_id, library_id, index) VALUES (4, 'baad4c99-6e72-4a38-96ca-4f75b68ad52c', 3);
INSERT INTO tb_belonging (list_id, library_id, index) VALUES (4, '31b5b22a-9e72-4d2d-a317-63e6f1ab5a28', 4);
INSERT INTO tb_belonging (list_id, library_id, index) VALUES (4, '9f919378-6370-4bcc-97c7-c3a79bf1e161', 5);
INSERT INTO tb_belonging (list_id, library_id, index) VALUES (4, '5756848b-8901-4bcd-93f0-75296a958c9c', 6);
INSERT INTO tb_belonging (list_id, library_id, index) VALUES (4, '7504a5f9-7178-40f2-9c19-8d2c80e4b7ab', 7);
INSERT INTO tb_belonging (list_id, library_id, index) VALUES (4, '8453d8cf-1cea-41a5-8d30-b4828cba2e1a', 8);
INSERT INTO tb_belonging (list_id, library_id, index) VALUES (4, 'ecac296b-950d-45e9-b89c-7f4a90842f9d', 9);

-- tb_belonging insert technology
INSERT INTO tb_belonging (list_id, library_id, index) VALUES (5, 'e5b2eed0-9611-4699-b02c-6ac34727c06c', 0);
INSERT INTO tb_belonging (list_id, library_id, index) VALUES (5, '6ddfa3b7-2116-4f5f-a390-340a6b72f530', 1);
INSERT INTO tb_belonging (list_id, library_id, index) VALUES (5, '761c1639-c186-4b11-b6d4-6cb98430df1d', 2);
INSERT INTO tb_belonging (list_id, library_id, index) VALUES (5, '475f4fad-9b2f-4528-8ecb-5ceb398c29ec', 3);
INSERT INTO tb_belonging (list_id, library_id, index) VALUES (5, '595f0331-e27c-477a-82c0-20162737154a', 4);
INSERT INTO tb_belonging (list_id, library_id, index) VALUES (5, '2e59675f-2d41-48a5-8304-85c182299fb7', 5);
INSERT INTO tb_belonging (list_id, library_id, index) VALUES (5, 'f970f040-3119-4053-993a-ec91ecd8ac5e', 6);
INSERT INTO tb_belonging (list_id, library_id, index) VALUES (5, '76627690-ab9e-46bb-8478-d768aecdf67c', 7);
INSERT INTO tb_belonging (list_id, library_id, index) VALUES (5, '183a3cb8-c8d1-4626-9424-1d54a7bf3522', 8);
INSERT INTO tb_belonging (list_id, library_id, index) VALUES (5, 'fd975558-6cc2-45f0-a821-c93e0e51d712', 9);

-- tb_belonging insert comics
INSERT INTO tb_belonging (list_id, library_id, index) VALUES (6, '6a29c7b6-e6b3-4bcd-b050-c5eb6b18697c', 1);
INSERT INTO tb_belonging (list_id, library_id, index) VALUES (6, '75ba51dd-e588-4b7d-8b24-d8a450a5f8de', 2);
INSERT INTO tb_belonging (list_id, library_id, index) VALUES (6, '88bfc2ee-b79b-404c-9b0b-71036002495d', 3);
INSERT INTO tb_belonging (list_id, library_id, index) VALUES (6, '0d96cb8c-aad0-4f3e-a338-24a56f58f179', 4);
INSERT INTO tb_belonging (list_id, library_id, index) VALUES (6, '38fd54f5-228b-494f-89b4-ba7cf3789a7f', 5);
INSERT INTO tb_belonging (list_id, library_id, index) VALUES (6, 'dd122f51-d8a2-4af6-aa35-2e2b0128aeda', 6);
INSERT INTO tb_belonging (list_id, library_id, index) VALUES (6, '4d177b8d-a3d3-4610-b677-627b88cc1df7', 7);
INSERT INTO tb_belonging (list_id, library_id, index) VALUES (6, 'af8a1e6e-4a09-424c-b7b7-dc14bd30faf3', 8);
INSERT INTO tb_belonging (list_id, library_id, index) VALUES (6, '6d72d62f-cfd9-4158-a99a-ee1b5846ae1b', 9);
INSERT INTO tb_belonging (list_id, library_id, index) VALUES (6, '31a80ab8-d559-419a-a197-cc95f011c17f', 9);

-- tb_belonging insert history
INSERT INTO tb_belonging (list_id, library_id, index) VALUES (7, '64f734fd-cf33-4482-987b-783f107b9298', 0);
INSERT INTO tb_belonging (list_id, library_id, index) VALUES (7, '7d2e2c9c-cbb0-4272-8f0d-a19075af3b27', 1);
INSERT INTO tb_belonging (list_id, library_id, index) VALUES (7, '1e6e77df-6264-490d-9150-cf4be1c60647', 2);
INSERT INTO tb_belonging (list_id, library_id, index) VALUES (7, 'b74ed583-a8e7-43f2-ae7b-ca53a70d9078', 3);
INSERT INTO tb_belonging (list_id, library_id, index) VALUES (7, 'b07f234c-2428-4410-a432-df0d72e3a75c', 4);
INSERT INTO tb_belonging (list_id, library_id, index) VALUES (7, 'ac7fb1fa-c7c5-46f0-a8f7-d3d549bab2cb', 5);
INSERT INTO tb_belonging (list_id, library_id, index) VALUES (7, '0f42909a-8bad-4ba2-a1ef-26b1635c61af', 6);
INSERT INTO tb_belonging (list_id, library_id, index) VALUES (7, 'd6500017-f504-4230-96d5-cac641d04635', 7);
INSERT INTO tb_belonging (list_id, library_id, index) VALUES (7, '5ec7106b-0973-47a0-91f4-a0885825bb5a', 8);
INSERT INTO tb_belonging (list_id, library_id, index) VALUES (7, '17f784cf-45c0-47da-a44e-fc1453d58b06', 9);

-- tb_belonging insert horror
INSERT INTO tb_belonging (list_id, library_id, index) VALUES (8, '314f3dc6-1453-41b2-8074-9da6d4f21709', 0);
INSERT INTO tb_belonging (list_id, library_id, index) VALUES (8, '6f17a15e-e820-4d2c-a508-72d359a08f8a', 1);
INSERT INTO tb_belonging (list_id, library_id, index) VALUES (8, 'c0dc8ed9-3bb4-4355-94f5-e2c043e33da3', 2);
INSERT INTO tb_belonging (list_id, library_id, index) VALUES (8, '257be98b-476d-4cdc-93ab-c95893b27bca', 3);
INSERT INTO tb_belonging (list_id, library_id, index) VALUES (8, '00c53566-569a-4a4f-aeae-2353091088a9', 4);
INSERT INTO tb_belonging (list_id, library_id, index) VALUES (8, 'abcdf113-7aed-4cf5-8189-be890a3a7460', 5);
INSERT INTO tb_belonging (list_id, library_id, index) VALUES (8, '0e3683a7-6113-4db7-bc9a-81d4c26293c3', 6);
INSERT INTO tb_belonging (list_id, library_id, index) VALUES (8, 'e2625b0c-f2b3-42ad-8118-907bfea2ff59', 7);
INSERT INTO tb_belonging (list_id, library_id, index) VALUES (8, '075c0819-63b5-42c0-8a9b-c287d0e5eb07', 8);
INSERT INTO tb_belonging (list_id, library_id, index) VALUES (8, '98c9f4d5-8e22-4615-b180-02659cd068c3', 9);

-- tb_belonging insert politics
INSERT INTO tb_belonging (list_id, library_id, index) VALUES (9, 'e2a039c8-3dc2-4273-a9bc-a4ced65a5d6e', 0);
INSERT INTO tb_belonging (list_id, library_id, index) VALUES (9, '43385513-ba4e-41c8-8fc4-4c7b1768a439', 1);
INSERT INTO tb_belonging (list_id, library_id, index) VALUES (9, '20564eaa-baf4-402a-8187-36bb5748254a', 2);
INSERT INTO tb_belonging (list_id, library_id, index) VALUES (9, '3b80ca03-95f9-46db-bdf7-0779be6cfa91', 3);
INSERT INTO tb_belonging (list_id, library_id, index) VALUES (9, '5d86a231-2bd9-47d6-bf49-3653d832d67b', 4);
INSERT INTO tb_belonging (list_id, library_id, index) VALUES (9, 'a8d68253-3ad8-4fb0-a3bb-33ca9ebfcac2', 5);
INSERT INTO tb_belonging (list_id, library_id, index) VALUES (9, '46d6a175-04d8-4773-820b-1109ba6cd1f2', 6);
INSERT INTO tb_belonging (list_id, library_id, index) VALUES (9, '1258283b-c513-4fd9-9aa4-20d3967e98b3', 7);
INSERT INTO tb_belonging (list_id, library_id, index) VALUES (9, '35640d28-4e14-40b5-b6dd-cc36e6e0ebc5', 8);
INSERT INTO tb_belonging (list_id, library_id, index) VALUES (9, '1c552f8a-9894-4d42-bbb6-c6fd8bbd1675', 9);

-- tb_belonging insert religion
INSERT INTO tb_belonging (list_id, library_id, index) VALUES (10, 'b88c6825-46bc-43dc-b93c-1a6bb29120ed', 0);
INSERT INTO tb_belonging (list_id, library_id, index) VALUES (10, 'e2e05735-3949-4920-825a-3aa9bdbb5102', 1);
INSERT INTO tb_belonging (list_id, library_id, index) VALUES (10, 'ff345977-9457-44b4-b99a-976ef649deeb', 2);
INSERT INTO tb_belonging (list_id, library_id, index) VALUES (10, '9b81909c-6610-45ab-b326-b27344ebbe8c', 3);
INSERT INTO tb_belonging (list_id, library_id, index) VALUES (10, '9b57c602-ca44-4c74-88bf-574a7ad8a15c', 4);
INSERT INTO tb_belonging (list_id, library_id, index) VALUES (10, '3302827e-7821-4ce7-a089-8f6947e4ac6d', 5);
INSERT INTO tb_belonging (list_id, library_id, index) VALUES (10, '2cfc0c96-7d2f-45dc-9a97-18583bf0911b', 6);
INSERT INTO tb_belonging (list_id, library_id, index) VALUES (10, '61f0f786-b0eb-43bf-90aa-62c180569154', 7);
INSERT INTO tb_belonging (list_id, library_id, index) VALUES (10, '6cb84344-c98d-4c61-b312-cfa4dde2201b', 8);
INSERT INTO tb_belonging (list_id, library_id, index) VALUES (10, 'a8338191-69b6-4474-abe9-91cd869c0143', 9);

